{"cameraMode":{"drawMode":0,"name":"Shaded","section":"Shading Mode"},"sceneLighting":true,"audioPlay":false,"sceneViewState":{"showFog":true,"showMaterialUpdate":false,"showSkybox":true,"showFlares":true,"showImageEffects":true,"showParticleSystems":true},"in2DMode":false,"pivot":{"x":1018.4749145507813,"y":208.9153594970703,"z":-644.4824829101563},"rotation":{"x":0.12562206387519837,"y":0.8536403179168701,"z":0.4440824091434479,"w":-0.24150268733501435},"size":0.15788418054580689,"orthographic":false}